Key,Value
0,"{'init_cost_vector': [1, 1.5, 2.5, 24, 25, 27.5, 29], 'profit_history': [[689.2799999999966, 674.2799999999966, 322.1399999999983, 0.0, 0.0, 0.0, 0.0], [689.2799999999966, 674.2799999999966, 322.1399999999983, 0.0, 0.0, 0.0, 0.0], [689.2799999999966, 674.2799999999966, 322.1399999999983, 0.0, 0.0, 0.0, 0.0], [689.2799999999966, 674.2799999999966, 322.1399999999983, 0.0, 0.0, 0.0, 0.0], [689.2799999999966, 674.2799999999966, 322.1399999999983, 0.0, 0.0, 0.0, 0.0], [689.2799999999966, 674.2799999999966, 322.1399999999983, 0.0, 0.0, 0.0, 0.0], [689.2799999999966, 674.2799999999966, 322.1399999999983, 0.0, 0.0, 0.0, 0.0]], 'alpha_history': [[1, 1.5, 23.975999999999885, 24, 25, 27.5, 29], [1, 1.5, 23.975999999999885, 24, 25, 27.5, 29], [1, 1.5, 23.975999999999885, 24, 25, 27.5, 29], [1, 1.5, 23.975999999999885, 24, 25, 27.5, 29], [1, 1.5, 23.975999999999885, 24, 25, 27.5, 29], [1, 1.5, 23.975999999999885, 24, 25, 27.5, 29], [1, 1.5, 23.975999999999885, 24, 25, 27.5, 29]], 'dispatch_history': [[30.0, 30.0, 15.0, 0.0, 0.0, 0.0, 0.0], [30.0, 30.0, 15.0, 0.0, 0.0, 0.0, 0.0], [30.0, 30.0, 15.0, 0.0, 0.0, 0.0, 0.0], [30.0, 30.0, 15.0, 0.0, 0.0, 0.0, 0.0], [30.0, 30.0, 15.0, 0.0, 0.0, 0.0, 0.0], [30.0, 30.0, 15.0, 0.0, 0.0, 0.0, 0.0], [30.0, 30.0, 15.0, 0.0, 0.0, 0.0, 0.0]], 'iterations': 6, 'PoA': 15.983999999999924, 'final_dispatch': [30.0, 30.0, 15.0, 0.0, 0.0, 0.0, 0.0], 'final_bid': [1, 1.5, 23.975999999999885, 24, 25, 27.5, 29], 'clearing_price': 23.975999999999885, 'clearing_price_history': [23.975999999999885, 23.975999999999885, 23.975999999999885, 23.975999999999885, 23.975999999999885, 23.975999999999885, 23.975999999999885], 'dispatch_ED': [30.0, 30.0, 15.0, 0.0, 0.0, 0.0, 0.0], 'clearing_price_ED': 2.5, 'weight_history': [[None, None, None, None, None, None, None], [None, None, None, None, None, None, None], [None, None, None, None, None, None, None], [None, None, None, None, None, None, None], [None, None, None, None, None, None, None], [None, None, None, None, None, None, None], [None, None, None, None, None, None, None]], 'converged': True, 'not_converged': False, 'owner_indexes': (0, 1)}"
1,"{'init_cost_vector': [1, 1.5, 2.5, 24, 25, 27.5, 29], 'profit_history': [[689.2799999999966, 674.2799999999966, 322.1399999999983, 0.0, 0.0, 0.0, 0.0], [689.2799999999966, 674.2799999999966, 322.1399999999983, 0.0, 0.0, 0.0, 0.0], [689.2799999999966, 674.2799999999966, 322.1399999999983, 0.0, 0.0, 0.0, 0.0], [689.2799999999966, 674.2799999999966, 322.1399999999983, 0.0, 0.0, 0.0, 0.0], [689.2799999999966, 674.2799999999966, 322.1399999999983, 0.0, 0.0, 0.0, 0.0], [689.2799999999966, 674.2799999999966, 322.1399999999983, 0.0, 0.0, 0.0, 0.0], [689.2799999999966, 674.2799999999966, 322.1399999999983, 0.0, 0.0, 0.0, 0.0]], 'alpha_history': [[1.5015000000000462, 1.5, 23.975999999999885, 24, 25, 27.5, 29], [1.5015000000000462, 1.5, 23.975999999999885, 24, 25, 27.5, 29], [1.5015000000000462, 1.5, 23.975999999999885, 24, 25, 27.5, 29], [1.5015000000000462, 1.5, 23.975999999999885, 24, 25, 27.5, 29], [1.5015000000000462, 1.5, 23.975999999999885, 24, 25, 27.5, 29], [1.5015000000000462, 1.5, 23.975999999999885, 24, 25, 27.5, 29], [1.5015000000000462, 1.5, 23.975999999999885, 24, 25, 27.5, 29]], 'dispatch_history': [[30.0, 30.0, 15.0, 0.0, 0.0, 0.0, 0.0], [30.0, 30.0, 15.0, 0.0, 0.0, 0.0, 0.0], [30.0, 30.0, 15.0, 0.0, 0.0, 0.0, 0.0], [30.0, 30.0, 15.0, 0.0, 0.0, 0.0, 0.0], [30.0, 30.0, 15.0, 0.0, 0.0, 0.0, 0.0], [30.0, 30.0, 15.0, 0.0, 0.0, 0.0, 0.0], [30.0, 30.0, 15.0, 0.0, 0.0, 0.0, 0.0]], 'iterations': 6, 'PoA': 15.983999999999924, 'final_dispatch': [30.0, 30.0, 15.0, 0.0, 0.0, 0.0, 0.0], 'final_bid': [1.5015000000000462, 1.5, 23.975999999999885, 24, 25, 27.5, 29], 'clearing_price': 23.975999999999885, 'clearing_price_history': [23.975999999999885, 23.975999999999885, 23.975999999999885, 23.975999999999885, 23.975999999999885, 23.975999999999885, 23.975999999999885], 'dispatch_ED': [30.0, 30.0, 15.0, 0.0, 0.0, 0.0, 0.0], 'clearing_price_ED': 2.5, 'weight_history': [[None, None, None, None, None, None, None], [None, None, None, None, None, None, None], [None, None, None, None, None, None, None], [None, None, None, None, None, None, None], [None, None, None, None, None, None, None], [None, None, None, None, None, None, None], [None, None, None, None, None, None, None]], 'converged': True, 'not_converged': False, 'owner_indexes': (0, 2)}"
2,"{'init_cost_vector': [1, 1.5, 2.5, 24, 25, 27.5, 29], 'profit_history': [[689.2799999999966, 674.2799999999966, 322.1399999999983, 0.0, 0.0, 0.0, 0.0], [689.2799999999966, 674.2799999999966, 322.1399999999983, 0.0, 0.0, 0.0, 0.0], [689.2799999999966, 674.2799999999966, 322.1399999999983, 0.0, 0.0, 0.0, 0.0], [689.2799999999966, 674.2799999999966, 322.1399999999983, 0.0, 0.0, 0.0, 0.0], [689.2799999999966, 674.2799999999966, 322.1399999999983, 0.0, 0.0, 0.0, 0.0], [689.2799999999966, 674.2799999999966, 322.1399999999983, 0.0, 0.0, 0.0, 0.0], [689.2799999999966, 674.2799999999966, 322.1399999999983, 0.0, 0.0, 0.0, 0.0]], 'alpha_history': [[1.501500000000064, 1.5, 23.975999999999885, 24, 25, 27.5, 29], [1.501500000000064, 1.5, 23.975999999999885, 24, 25, 27.5, 29], [1.501500000000064, 1.5, 23.975999999999885, 24, 25, 27.5, 29], [1.501500000000064, 1.5, 23.975999999999885, 24, 25, 27.5, 29], [1.501500000000064, 1.5, 23.975999999999885, 24, 25, 27.5, 29], [1.501500000000064, 1.5, 23.975999999999885, 24, 25, 27.5, 29], [1.501500000000064, 1.5, 23.975999999999885, 24, 25, 27.5, 29]], 'dispatch_history': [[30.0, 30.0, 15.0, 0.0, 0.0, 0.0, 0.0], [30.0, 30.0, 15.0, 0.0, 0.0, 0.0, 0.0], [30.0, 30.0, 15.0, 0.0, 0.0, 0.0, 0.0], [30.0, 30.0, 15.0, 0.0, 0.0, 0.0, 0.0], [30.0, 30.0, 15.0, 0.0, 0.0, 0.0, 0.0], [30.0, 30.0, 15.0, 0.0, 0.0, 0.0, 0.0], [30.0, 30.0, 15.0, 0.0, 0.0, 0.0, 0.0]], 'iterations': 6, 'PoA': 15.983999999999924, 'final_dispatch': [30.0, 30.0, 15.0, 0.0, 0.0, 0.0, 0.0], 'final_bid': [1.501500000000064, 1.5, 23.975999999999885, 24, 25, 27.5, 29], 'clearing_price': 23.975999999999885, 'clearing_price_history': [23.975999999999885, 23.975999999999885, 23.975999999999885, 23.975999999999885, 23.975999999999885, 23.975999999999885, 23.975999999999885], 'dispatch_ED': [30.0, 30.0, 15.0, 0.0, 0.0, 0.0, 0.0], 'clearing_price_ED': 2.5, 'weight_history': [[None, None, None, None, None, None, None], [None, None, None, None, None, None, None], [None, None, None, None, None, None, None], [None, None, None, None, None, None, None], [None, None, None, None, None, None, None], [None, None, None, None, None, None, None], [None, None, None, None, None, None, None]], 'converged': True, 'not_converged': False, 'owner_indexes': (0, 3)}"
3,"{'init_cost_vector': [1, 1.5, 2.5, 24, 25, 27.5, 29], 'profit_history': [[344.64, 674.28, 644.28, 0.0, 0.0, 0.0, 0.0], [344.64, 674.28, 644.28, 0.0, 0.0, 0.0, 0.0], [344.64, 674.28, 644.28, 0.0, 0.0, 0.0, 0.0], [344.64, 674.28, 644.28, 0.0, 0.0, 0.0, 0.0], [344.64, 674.28, 644.28, 0.0, 0.0, 0.0, 0.0], [344.64, 674.28, 644.28, 0.0, 0.0, 0.0, 0.0], [344.64, 674.28, 644.28, 0.0, 0.0, 0.0, 0.0]], 'alpha_history': [[23.976, 1.5, 2.5, 24, 25, 27.5, 29], [23.976, 1.5, 2.5, 24, 25, 27.5, 29], [23.976, 1.5, 2.5, 24, 25, 27.5, 29], [23.976, 1.5, 2.5, 24, 25, 27.5, 29], [23.976, 1.5, 2.5, 24, 25, 27.5, 29], [23.976, 1.5, 2.5, 24, 25, 27.5, 29], [23.976, 1.5, 2.5, 24, 25, 27.5, 29]], 'dispatch_history': [[15.0, 30.0, 30.0, 0.0, 0.0, 0.0, 0.0], [15.0, 30.0, 30.0, 0.0, 0.0, 0.0, 0.0], [15.0, 30.0, 30.0, 0.0, 0.0, 0.0, 0.0], [15.0, 30.0, 30.0, 0.0, 0.0, 0.0, 0.0], [15.0, 30.0, 30.0, 0.0, 0.0, 0.0, 0.0], [15.0, 30.0, 30.0, 0.0, 0.0, 0.0, 0.0], [15.0, 30.0, 30.0, 0.0, 0.0, 0.0, 0.0]], 'iterations': 6, 'PoA': 15.983999999999998, 'final_dispatch': [15.0, 30.0, 30.0, 0.0, 0.0, 0.0, 0.0], 'final_bid': [23.976, 1.5, 2.5, 24, 25, 27.5, 29], 'clearing_price': 23.976, 'clearing_price_history': [23.976, 23.976, 23.976, 23.976, 23.976, 23.976, 23.976], 'dispatch_ED': [30.0, 30.0, 15.0, 0.0, 0.0, 0.0, 0.0], 'clearing_price_ED': 2.5, 'weight_history': [[None, None, None, None, None, None, None], [None, None, None, None, None, None, None], [None, None, None, None, None, None, None], [None, None, None, None, None, None, None], [None, None, None, None, None, None, None], [None, None, None, None, None, None, None], [None, None, None, None, None, None, None]], 'converged': True, 'not_converged': False, 'owner_indexes': (0, 4)}"
4,"{'init_cost_vector': [1, 1.5, 2.5, 24, 25, 27.5, 29], 'profit_history': [[344.64, 674.28, 644.28, 0.0, 0.0, 0.0, 0.0], [344.64, 674.28, 644.28, 0.0, 0.0, 0.0, 0.0], [344.64, 674.28, 644.28, 0.0, 0.0, 0.0, 0.0], [344.64, 674.28, 644.28, 0.0, 0.0, 0.0, 0.0], [344.64, 674.28, 644.28, 0.0, 0.0, 0.0, 0.0], [344.64, 674.28, 644.28, 0.0, 0.0, 0.0, 0.0], [344.64, 674.28, 644.28, 0.0, 0.0, 0.0, 0.0]], 'alpha_history': [[23.976, 1.5, 2.5, 24, 25, 27.5, 29], [23.976, 1.5, 2.5, 24, 25, 27.5, 29], [23.976, 1.5, 2.5, 24, 25, 27.5, 29], [23.976, 1.5, 2.5, 24, 25, 27.5, 29], [23.976, 1.5, 2.5, 24, 25, 27.5, 29], [23.976, 1.5, 2.5, 24, 25, 27.5, 29], [23.976, 1.5, 2.5, 24, 25, 27.5, 29]], 'dispatch_history': [[15.0, 30.0, 30.0, 0.0, 0.0, 0.0, 0.0], [15.0, 30.0, 30.0, 0.0, 0.0, 0.0, 0.0], [15.0, 30.0, 30.0, 0.0, 0.0, 0.0, 0.0], [15.0, 30.0, 30.0, 0.0, 0.0, 0.0, 0.0], [15.0, 30.0, 30.0, 0.0, 0.0, 0.0, 0.0], [15.0, 30.0, 30.0, 0.0, 0.0, 0.0, 0.0], [15.0, 30.0, 30.0, 0.0, 0.0, 0.0, 0.0]], 'iterations': 6, 'PoA': 15.983999999999998, 'final_dispatch': [15.0, 30.0, 30.0, 0.0, 0.0, 0.0, 0.0], 'final_bid': [23.976, 1.5, 2.5, 24, 25, 27.5, 29], 'clearing_price': 23.976, 'clearing_price_history': [23.976, 23.976, 23.976, 23.976, 23.976, 23.976, 23.976], 'dispatch_ED': [30.0, 30.0, 15.0, 0.0, 0.0, 0.0, 0.0], 'clearing_price_ED': 2.5, 'weight_history': [[None, None, None, None, None, None, None], [None, None, None, None, None, None, None], [None, None, None, None, None, None, None], [None, None, None, None, None, None, None], [None, None, None, None, None, None, None], [None, None, None, None, None, None, None], [None, None, None, None, None, None, None]], 'converged': True, 'not_converged': False, 'owner_indexes': (0, 5)}"
5,"{'init_cost_vector': [1, 1.5, 2.5, 24, 25, 27.5, 29], 'profit_history': [[689.2799999999966, 337.1399999999983, 644.2799999999966, 0.0, 0.0, 0.0, 0.0], [689.28, 337.14, 644.28, 0.0, 0.0, 0.0, 0.0], [689.28, 337.14, 644.28, 0.0, 0.0, 0.0, 0.0], [689.28, 337.14, 644.28, 0.0, 0.0, 0.0, 0.0], [689.28, 337.14, 644.28, 0.0, 0.0, 0.0, 0.0], [689.28, 337.14, 644.28, 0.0, 0.0, 0.0, 0.0], [689.28, 337.14, 644.28, 0.0, 0.0, 0.0, 0.0]], 'alpha_history': [[2.5024999999998023, 23.975999999999885, 2.5, 24, 25, 27.5, 29], [2.5024999999998023, 23.976, 2.5, 24, 25, 27.5, 29], [2.5024999999998023, 23.976, 2.5, 24, 25, 27.5, 29], [2.5024999999998023, 23.976, 2.5, 24, 25, 27.5, 29], [2.5024999999998023, 23.976, 2.5, 24, 25, 27.5, 29], [2.5024999999998023, 23.976, 2.5, 24, 25, 27.5, 29], [2.5024999999998023, 23.976, 2.5, 24, 25, 27.5, 29]], 'dispatch_history': [[30.0, 15.0, 30.0, 0.0, 0.0, 0.0, 0.0], [30.0, 15.0, 30.0, 0.0, 0.0, 0.0, 0.0], [30.0, 15.0, 30.0, 0.0, 0.0, 0.0, 0.0], [30.0, 15.0, 30.0, 0.0, 0.0, 0.0, 0.0], [30.0, 15.0, 30.0, 0.0, 0.0, 0.0, 0.0], [30.0, 15.0, 30.0, 0.0, 0.0, 0.0, 0.0], [30.0, 15.0, 30.0, 0.0, 0.0, 0.0, 0.0]], 'iterations': 6, 'PoA': 15.983999999999998, 'final_dispatch': [30.0, 15.0, 30.0, 0.0, 0.0, 0.0, 0.0], 'final_bid': [2.5024999999998023, 23.976, 2.5, 24, 25, 27.5, 29], 'clearing_price': 23.976, 'clearing_price_history': [23.975999999999885, 23.976, 23.976, 23.976, 23.976, 23.976, 23.976], 'dispatch_ED': [30.0, 30.0, 15.0, 0.0, 0.0, 0.0, 0.0], 'clearing_price_ED': 2.5, 'weight_history': [[None, None, None, None, None, None, None], [None, None, None, None, None, None, None], [None, None, None, None, None, None, None], [None, None, None, None, None, None, None], [None, None, None, None, None, None, None], [None, None, None, None, None, None, None], [None, None, None, None, None, None, None]], 'converged': True, 'not_converged': False, 'owner_indexes': (0, 6)}"
6,"{'init_cost_vector': [1, 1.5, 2.5, 24, 25, 27.5, 29], 'profit_history': [[344.6399999999983, 674.2799999999966, 644.2799999999966, 0.0, 0.0, 0.0, 0.0], [344.6399999999983, 674.2799999999966, 644.2799999999966, 0.0, 0.0, 0.0, 0.0], [344.6399999999983, 674.2799999999966, 644.2799999999966, 0.0, 0.0, 0.0, 0.0], [344.6399999999983, 674.2799999999966, 644.2799999999966, 0.0, 0.0, 0.0, 0.0], [344.6399999999983, 674.2799999999966, 644.2799999999966, 0.0, 0.0, 0.0, 0.0], [344.6399999999983, 674.2799999999966, 644.2799999999966, 0.0, 0.0, 0.0, 0.0], [344.6399999999983, 674.2799999999966, 644.2799999999966, 0.0, 0.0, 0.0, 0.0]], 'alpha_history': [[23.975999999999885, 1.5, 2.5, 24, 25, 27.5, 29], [23.975999999999885, 1.5, 2.5, 24, 25, 27.5, 29], [23.975999999999885, 1.5, 2.5, 24, 25, 27.5, 29], [23.975999999999885, 1.5, 2.5, 24, 25, 27.5, 29], [23.975999999999885, 1.5, 2.5, 24, 25, 27.5, 29], [23.975999999999885, 1.5, 2.5, 24, 25, 27.5, 29], [23.975999999999885, 1.5, 2.5, 24, 25, 27.5, 29]], 'dispatch_history': [[15.0, 30.0, 30.0, 0.0, 0.0, 0.0, 0.0], [15.0, 30.0, 30.0, 0.0, 0.0, 0.0, 0.0], [15.0, 30.0, 30.0, 0.0, 0.0, 0.0, 0.0], [15.0, 30.0, 30.0, 0.0, 0.0, 0.0, 0.0], [15.0, 30.0, 30.0, 0.0, 0.0, 0.0, 0.0], [15.0, 30.0, 30.0, 0.0, 0.0, 0.0, 0.0], [15.0, 30.0, 30.0, 0.0, 0.0, 0.0, 0.0]], 'iterations': 6, 'PoA': 15.983999999999924, 'final_dispatch': [15.0, 30.0, 30.0, 0.0, 0.0, 0.0, 0.0], 'final_bid': [23.975999999999885, 1.5, 2.5, 24, 25, 27.5, 29], 'clearing_price': 23.975999999999885, 'clearing_price_history': [23.975999999999885, 23.975999999999885, 23.975999999999885, 23.975999999999885, 23.975999999999885, 23.975999999999885, 23.975999999999885], 'dispatch_ED': [30.0, 30.0, 15.0, 0.0, 0.0, 0.0, 0.0], 'clearing_price_ED': 2.5, 'weight_history': [[None, None, None, None, None, None, None], [None, None, None, None, None, None, None], [None, None, None, None, None, None, None], [None, None, None, None, None, None, None], [None, None, None, None, None, None, None], [None, None, None, None, None, None, None], [None, None, None, None, None, None, None]], 'converged': True, 'not_converged': False, 'owner_indexes': (1, 2)}"
7,"{'init_cost_vector': [1, 1.5, 2.5, 24, 25, 27.5, 29], 'profit_history': [[719.2499999999973, 0.0, 674.2499999999973, 14.624999999998636, 0.0, 0.0, 0.0], [719.2499999999973, 0.0, 674.2499999999973, 14.624999999998636, 0.0, 0.0, 0.0], [719.2499999999973, 0.0, 674.2499999999973, 14.624999999998636, 0.0, 0.0, 0.0], [719.2499999999973, 0.0, 674.2499999999973, 14.624999999998636, 0.0, 0.0, 0.0], [719.2499999999973, 0.0, 674.2499999999973, 14.624999999998636, 0.0, 0.0, 0.0], [719.2499999999973, 0.0, 674.2499999999973, 14.624999999998636, 0.0, 0.0, 0.0], [719.2499999999973, 0.0, 674.2499999999973, 14.624999999998636, 0.0, 0.0, 0.0]], 'alpha_history': [[1, 24.97499999999991, 2.5, 24.97499999999991, 25, 27.5, 29], [1, 24.97499999999991, 2.5, 24.97499999999991, 25, 27.5, 29], [1, 24.97499999999991, 2.5, 24.97499999999991, 25, 27.5, 29], [1, 24.97499999999991, 2.5, 24.97499999999991, 25, 27.5, 29], [1, 24.97499999999991, 2.5, 24.97499999999991, 25, 27.5, 29], [1, 24.97499999999991, 2.5, 24.97499999999991, 25, 27.5, 29], [1, 24.97499999999991, 2.5, 24.97499999999991, 25, 27.5, 29]], 'dispatch_history': [[30.0, 0.0, 30.0, 15.0, 0.0, 0.0, 0.0], [30.0, 0.0, 30.0, 15.0, 0.0, 0.0, 0.0], [30.0, 0.0, 30.0, 15.0, 0.0, 0.0, 0.0], [30.0, 0.0, 30.0, 15.0, 0.0, 0.0, 0.0], [30.0, 0.0, 30.0, 15.0, 0.0, 0.0, 0.0], [30.0, 0.0, 30.0, 15.0, 0.0, 0.0, 0.0], [30.0, 0.0, 30.0, 15.0, 0.0, 0.0, 0.0]], 'iterations': 6, 'PoA': 16.649999999999938, 'final_dispatch': [30.0, 0.0, 30.0, 15.0, 0.0, 0.0, 0.0], 'final_bid': [1, 24.97499999999991, 2.5, 24.97499999999991, 25, 27.5, 29], 'clearing_price': 24.97499999999991, 'clearing_price_history': [24.97499999999991, 24.97499999999991, 24.97499999999991, 24.97499999999991, 24.97499999999991, 24.97499999999991, 24.97499999999991], 'dispatch_ED': [30.0, 30.0, 15.0, 0.0, 0.0, 0.0, 0.0], 'clearing_price_ED': 2.5, 'weight_history': [[None, None, None, None, None, None, None], [None, None, None, None, None, None, None], [None, None, None, None, None, None, None], [None, None, None, None, None, None, None], [None, None, None, None, None, None, None], [None, None, None, None, None, None, None], [None, None, None, None, None, None, None]], 'converged': True, 'not_converged': False, 'owner_indexes': (1, 3)}"
8,"{'init_cost_vector': [1, 1.5, 2.5, 24, 25, 27.5, 29], 'profit_history': [[689.2799999999966, 337.1399999999983, 644.2799999999966, 0.0, 0.0, 0.0, 0.0], [344.2803600000025, 673.560720000005, 643.560720000005, 0.0, 0.0, 0.0, 0.0], [687.8421592801905, 672.8421592801905, 321.42107964009523, 0.0, 0.0, 0.0, 0.0], [0.0, 703.5007499999972, 673.5007499999972, 14.250374999998598, 0.0, 0.0, 0.0], [358.876124625084, 702.752249250168, 672.752249250168, 0.0, 0.0, 0.0, 0.0], [358.12874625204245, 701.2574925040849, 671.2574925040849, 0.0, 0.0, 0.0, 0.0], [0.0, 700.5112350115849, 670.5112350115849, 12.75561750579243, 0.0, 0.0, 0.0], [0.0, 699.0209580527699, 334.5104790263849, 24.020958052769856, 0.0, 0.0, 0.0], [689.9992800001179, 674.9992800001179, 322.49964000005895, 0.0, 0.0, 0.0, 0.0], [711.7911264974714, 696.7911264974714, 0.0, 10.895563248735698, 0.0, 0.0, 0.0], [710.3082860356062, 695.3082860356062, 0.0, 10.154143017803108, 0.0, 0.0, 0.0], [708.8284097718201, 693.8284097718201, 0.0, 9.414204885910067, 0.0, 0.0, 0.0], [708.0895813620486, 693.0895813620486, 331.5447906810243, 0.0, 0.0, 0.0, 0.0], [706.6141402889025, 691.6141402889025, 330.80707014445125, 0.0, 0.0, 0.0, 0.0], [705.1416486224639, 690.1416486224639, 330.07082431123195, 0.0, 0.0, 0.0, 0.0], [703.6721004668675, 688.6721004668675, 329.33605023343375, 0.0, 0.0, 0.0, 0.0], [702.938428366399, 687.938428366399, 0.0, 6.469214183199483, 0.0, 0.0, 0.0], [702.205489938035, 687.205489938035, 328.6027449690175, 0.0, 0.0, 0.0, 0.0], [701.4732844481, 686.4732844481, 0.0, 5.7366422240500015, 0.0, 0.0, 0.0], [700.0110693524903, 685.0110693524903, 0.0, 5.005534676245134, 0.0, 0.0, 0.0], [698.5517772248568, 683.5517772248568, 0.0, 4.275888612428389, 0.0, 0.0, 0.0], [697.8232254476325, 682.8232254476325, 326.41161272381623, 0.0, 0.0, 0.0, 0.0], [697.0954022221849, 682.0954022221849, 0.0, 3.547701111092465, 0.0, 0.0, 0.0], [695.641938513138, 680.641938513138, 0.0, 2.8209692565690148, 0.0, 0.0, 0.0], [694.1913802780505, 679.1913802780505, 0.0, 2.095690139025237, 0.0, 0.0, 0.0], [693.4671888977755, 678.4671888977755, 324.23359444888774, 0.0, 0.0, 0.0, 0.0], [692.74372170888, 677.74372170888, 0.0, 1.3718608544400013, 0.0, 0.0, 0.0], [692.0209779871698, 677.0209779871698, 323.5104889935849, 0.0, 0.0, 0.0, 0.0], [690.5776580521706, 675.5776580521706, 322.7888290260853, 0.0, 0.0, 0.0, 0.0], [690.5769374744364, 675.5769374744364, 322.7884687372182, 0.0, 0.0, 0.0, 0.0]], 'alpha_history': [[23.952024000000165, 23.975999999999885, 2.5, 24, 25, 27.5, 29], [23.952024000000165, 2.5025000000002677, 2.5, 1200.0, 25, 27.5, 29], [23.90414390403503, 2.5025000000002677, 23.928071976006347, 25.024999999999636, 25, 27.5, 29], [24.97499999999991, 1.5, 2.5, 24.950024999999908, 25, 1200.0, 29], [24.9250749750056, 2.5024999999979833, 2.5, 24.950025000005553, 25, 1200.0, 29], [24.875249750136163, 2.5024999999979833, 2.5, 24.90014990003624, 25, 1200.0, 29], [24.875249750136202, 1.5, 2.5, 24.850374500386163, 25, 27.5, 29], [24.82552412588575, 24.023999999996903, 24.800698601758995, 24, 25, 27.5, 29], [1, 1.5, 23.99997600000393, 24.77589790315733, 25, 27.5, 29], [1, 1.5, 24.751122005254274, 24.726370883249047, 25, 27.5, 29], [1, 1.5, 24.701644512365874, 24.67694286785354, 25, 27.5, 29], [1, 1.5, 24.652265924985613, 24.62761365906067, 25, 27.5, 29], [1, 1.5, 24.60298604540162, 24.62761365906067, 25, 27.5, 29], [1, 1.5, 24.55380467629675, 24.578383059356156, 25, 27.5, 29], [1, 1.5, 24.504721620748796, 24.529250871620434, 25, 27.5, 29], [1, 1.5, 24.455736682228917, 24.48021689912798, 25, 27.5, 29], [1, 1.5, 24.455736682228917, 24.431280945546632, 25, 27.5, 29], [1, 1.5, 24.406849664601168, 24.431280945546632, 25, 27.5, 29], [1, 1.5, 24.406849664601168, 24.382442814936667, 25, 27.5, 29], [1, 1.5, 24.358060372121827, 24.333702311749676, 25, 27.5, 29], [1, 1.5, 24.309368609438025, 24.28505924082856, 25, 27.5, 29], [1, 1.5, 24.26077418158775, 24.28505924082856, 25, 27.5, 29], [1, 1.5, 24.26077418158775, 24.236513407406164, 25, 27.5, 29], [1, 1.5, 24.212276893998705, 24.1880646171046, 25, 27.5, 29], [1, 1.5, 24.16387655248741, 24.139712675935016, 25, 27.5, 29], [1, 1.5, 24.115572963259183, 24.139712675935016, 25, 27.5, 29], [1, 1.5, 24.115572963259183, 24.091457390296, 25, 27.5, 29], [1, 1.5, 24.06736593290566, 24.091457390296, 25, 27.5, 29], [1, 1.5, 24.019255268405686, 24.04329856697268, 25, 27.5, 29], [1, 1.5, 24.01923124914788, 24.04327452367161, 25, 27.5, 29]], 'dispatch_history': [[30.0, 15.0, 30.0, 0.0, 0.0, 0.0, 0.0], [15.0, 30.0, 30.0, 0.0, 0.0, 0.0, 0.0], [30.0, 30.0, 15.0, 0.0, 0.0, 0.0, 0.0], [0.0, 30.0, 30.0, 15.0, 0.0, 0.0, 0.0], [15.0, 30.0, 30.0, 0.0, 0.0, 0.0, 0.0], [15.0, 30.0, 30.0, 0.0, 0.0, 0.0, 0.0], [0.0, 30.0, 30.0, 15.0, 0.0, 0.0, 0.0], [0.0, 30.0, 15.0, 30.0, 0.0, 0.0, 0.0], [30.0, 30.0, 15.0, 0.0, 0.0, 0.0, 0.0], [30.0, 30.0, 0.0, 15.0, 0.0, 0.0, 0.0], [30.0, 30.0, 0.0, 15.0, 0.0, 0.0, 0.0], [30.0, 30.0, 0.0, 15.0, 0.0, 0.0, 0.0], [30.0, 30.0, 15.0, 0.0, 0.0, 0.0, 0.0], [30.0, 30.0, 15.0, 0.0, 0.0, 0.0, 0.0], [30.0, 30.0, 15.0, 0.0, 0.0, 0.0, 0.0], [30.0, 30.0, 15.0, 0.0, 0.0, 0.0, 0.0], [30.0, 30.0, 0.0, 15.0, 0.0, 0.0, 0.0], [30.0, 30.0, 15.0, 0.0, 0.0, 0.0, 0.0], [30.0, 30.0, 0.0, 15.0, 0.0, 0.0, 0.0], [30.0, 30.0, 0.0, 15.0, 0.0, 0.0, 0.0], [30.0, 30.0, 0.0, 15.0, 0.0, 0.0, 0.0], [30.0, 30.0, 15.0, 0.0, 0.0, 0.0, 0.0], [30.0, 30.0, 0.0, 15.0, 0.0, 0.0, 0.0], [30.0, 30.0, 0.0, 15.0, 0.0, 0.0, 0.0], [30.0, 30.0, 0.0, 15.0, 0.0, 0.0, 0.0], [30.0, 30.0, 15.0, 0.0, 0.0, 0.0, 0.0], [30.0, 30.0, 0.0, 15.0, 0.0, 0.0, 0.0], [30.0, 30.0, 15.0, 0.0, 0.0, 0.0, 0.0], [30.0, 30.0, 15.0, 0.0, 0.0, 0.0, 0.0], [30.0, 30.0, 15.0, 0.0, 0.0, 0.0, 0.0]], 'iterations': 29, 'PoA': 16.012820832765254, 'final_dispatch': [30.0, 30.0, 15.0, 0.0, 0.0, 0.0, 0.0], 'final_bid': [1, 1.5, 24.01923124914788, 24.04327452367161, 25, 27.5, 29], 'clearing_price': 24.01923124914788, 'clearing_price_history': [23.975999999999885, 23.952024000000165, 23.928071976006347, 24.950024999999908, 24.9250749750056, 24.875249750136163, 24.850374500386163, 24.800698601758995, 23.99997600000393, 24.726370883249047, 24.67694286785354, 24.62761365906067, 24.60298604540162, 24.55380467629675, 24.504721620748796, 24.455736682228917, 24.431280945546632, 24.406849664601168, 24.382442814936667, 24.333702311749676, 24.28505924082856, 24.26077418158775, 24.236513407406164, 24.1880646171046, 24.139712675935016, 24.115572963259183, 24.091457390296, 24.06736593290566, 24.019255268405686, 24.01923124914788], 'dispatch_ED': [30.0, 30.0, 15.0, 0.0, 0.0, 0.0, 0.0], 'clearing_price_ED': 2.5, 'weight_history': [[None, None, None, None, None, None, None], [None, None, None, None, None, None, None], [None, None, None, None, None, None, None], [None, None, None, None, None, None, None], [None, None, None, None, None, None, None], [None, None, None, None, None, None, None], [None, None, None, None, None, None, None], [None, None, None, None, None, None, None], [None, None, None, None, None, None, None], [None, None, None, None, None, None, None], [None, None, None, None, None, None, None], [None, None, None, None, None, None, None], [None, None, None, None, None, None, None], [None, None, None, None, None, None, None], [None, None, None, None, None, None, None], [None, None, None, None, None, None, None], [None, None, None, None, None, None, None], [None, None, None, None, None, None, None], [None, None, None, None, None, None, None], [None, None, None, None, None, None, None], [None, None, None, None, None, None, None], [None, None, None, None, None, None, None], [None, None, None, None, None, None, None], [None, None, None, None, None, None, None], [None, None, None, None, None, None, None], [None, None, None, None, None, None, None], [None, None, None, None, None, None, None], [None, None, None, None, None, None, None], [None, None, None, None, None, None, None], [None, None, None, None, None, None, None]], 'converged': True, 'not_converged': False, 'owner_indexes': (1, 4)}"
9,"{'init_cost_vector': [1, 1.5, 2.5, 24, 25, 27.5, 29], 'profit_history': [[689.2799999999966, 337.1399999999983, 644.2799999999966, 0.0, 0.0, 0.0, 0.0], [344.6399999999983, 674.2799999999966, 644.2799999999966, 0.0, 0.0, 0.0, 0.0], [344.6399999999983, 674.2799999999966, 644.2799999999966, 0.0, 0.0, 0.0, 0.0], [344.6399999999983, 674.2799999999966, 644.2799999999966, 0.0, 0.0, 0.0, 0.0], [344.64, 674.28, 644.28, 0.0, 0.0, 0.0, 0.0], [344.64, 674.28, 644.28, 0.0, 0.0, 0.0, 0.0], [344.64, 674.28, 644.28, 0.0, 0.0, 0.0, 0.0]], 'alpha_history': [[23.952024000000165, 23.975999999999885, 2.5, 24, 1200.0, 27.5, 29], [23.975999999999885, 2.5025000000002677, 2.5, 24, 1200.0, 27.5, 29], [23.975999999999885, 1.5, 2.5050024999997937, 24, 25, 27.5, 29], [23.975999999999885, 2.5075075024971945, 2.5, 24, 25, 27.5, 29], [23.976, 2.5024999999979833, 2.5, 24, 25, 27.5, 29], [23.976, 2.5024999999979833, 2.5, 24, 25, 27.5, 29], [23.976, 2.5024999999979833, 2.5, 24, 25, 27.5, 29]], 'dispatch_history': [[30.0, 15.0, 30.0, 0.0, 0.0, 0.0, 0.0], [15.0, 30.0, 30.0, 0.0, 0.0, 0.0, 0.0], [15.0, 30.0, 30.0, 0.0, 0.0, 0.0, 0.0], [15.0, 30.0, 30.0, 0.0, 0.0, 0.0, 0.0], [15.0, 30.0, 30.0, 0.0, 0.0, 0.0, 0.0], [15.0, 30.0, 30.0, 0.0, 0.0, 0.0, 0.0], [15.0, 30.0, 30.0, 0.0, 0.0, 0.0, 0.0]], 'iterations': 6, 'PoA': 15.983999999999998, 'final_dispatch': [15.0, 30.0, 30.0, 0.0, 0.0, 0.0, 0.0], 'final_bid': [23.976, 2.5024999999979833, 2.5, 24, 25, 27.5, 29], 'clearing_price': 23.976, 'clearing_price_history': [23.975999999999885, 23.975999999999885, 23.975999999999885, 23.975999999999885, 23.976, 23.976, 23.976], 'dispatch_ED': [30.0, 30.0, 15.0, 0.0, 0.0, 0.0, 0.0], 'clearing_price_ED': 2.5, 'weight_history': [[None, None, None, None, None, None, None], [None, None, None, None, None, None, None], [None, None, None, None, None, None, None], [None, None, None, None, None, None, None], [None, None, None, None, None, None, None], [None, None, None, None, None, None, None], [None, None, None, None, None, None, None]], 'converged': True, 'not_converged': False, 'owner_indexes': (1, 5)}"
10,"{'init_cost_vector': [1, 1.5, 2.5, 24, 25, 27.5, 29], 'profit_history': [[689.2799999999966, 674.2799999999966, 322.1399999999983, 0.0, 0.0, 0.0, 0.0], [689.2799999999966, 674.2799999999966, 322.1399999999983, 0.0, 0.0, 0.0, 0.0], [689.2799999999966, 674.2799999999966, 322.1399999999983, 0.0, 0.0, 0.0, 0.0], [689.2799999999966, 674.2799999999966, 322.1399999999983, 0.0, 0.0, 0.0, 0.0], [689.2799999999966, 674.2799999999966, 322.1399999999983, 0.0, 0.0, 0.0, 0.0], [689.2799999999966, 674.2799999999966, 322.1399999999983, 0.0, 0.0, 0.0, 0.0], [689.2799999999966, 674.2799999999966, 322.1399999999983, 0.0, 0.0, 0.0, 0.0]], 'alpha_history': [[1, 1.5, 23.975999999999885, 24, 25, 27.5, 29], [1, 1.5, 23.975999999999885, 24, 25, 27.5, 29], [1, 1.5, 23.975999999999885, 24, 25, 27.5, 29], [1, 1.5, 23.975999999999885, 24, 25, 27.5, 29], [1, 1.5, 23.975999999999885, 24, 25, 27.5, 29], [1, 1.5, 23.975999999999885, 24, 25, 27.5, 29], [1, 1.5, 23.975999999999885, 24, 25, 27.5, 29]], 'dispatch_history': [[30.0, 30.0, 15.0, 0.0, 0.0, 0.0, 0.0], [30.0, 30.0, 15.0, 0.0, 0.0, 0.0, 0.0], [30.0, 30.0, 15.0, 0.0, 0.0, 0.0, 0.0], [30.0, 30.0, 15.0, 0.0, 0.0, 0.0, 0.0], [30.0, 30.0, 15.0, 0.0, 0.0, 0.0, 0.0], [30.0, 30.0, 15.0, 0.0, 0.0, 0.0, 0.0], [30.0, 30.0, 15.0, 0.0, 0.0, 0.0, 0.0]], 'iterations': 6, 'PoA': 15.983999999999924, 'final_dispatch': [30.0, 30.0, 15.0, 0.0, 0.0, 0.0, 0.0], 'final_bid': [1, 1.5, 23.975999999999885, 24, 25, 27.5, 29], 'clearing_price': 23.975999999999885, 'clearing_price_history': [23.975999999999885, 23.975999999999885, 23.975999999999885, 23.975999999999885, 23.975999999999885, 23.975999999999885, 23.975999999999885], 'dispatch_ED': [30.0, 30.0, 15.0, 0.0, 0.0, 0.0, 0.0], 'clearing_price_ED': 2.5, 'weight_history': [[None, None, None, None, None, None, None], [None, None, None, None, None, None, None], [None, None, None, None, None, None, None], [None, None, None, None, None, None, None], [None, None, None, None, None, None, None], [None, None, None, None, None, None, None], [None, None, None, None, None, None, None]], 'converged': True, 'not_converged': False, 'owner_indexes': (1, 6)}"
11,"{'init_cost_vector': [1, 1.5, 2.5, 24, 25, 27.5, 29], 'profit_history': [[689.2799999999966, 337.1399999999983, 644.2799999999966, 0.0, 0.0, 0.0, 0.0], [687.8421592801905, 336.42107964009523, 642.8421592801905, 0.0, 0.0, 0.0, 0.0], [342.48323820054793, 669.9664764010959, 639.9664764010959, 0.0, 0.0, 0.0, 0.0], [344.6399999999983, 674.2799999999966, 644.2799999999966, 0.0, 0.0, 0.0, 0.0], [344.6399999999983, 674.2799999999966, 644.2799999999966, 0.0, 0.0, 0.0, 0.0], [344.6399999999983, 674.2799999999966, 644.2799999999966, 0.0, 0.0, 0.0, 0.0], [344.6399999999983, 674.2799999999966, 644.2799999999966, 0.0, 0.0, 0.0, 0.0]], 'alpha_history': [[23.952024000000165, 23.975999999999885, 2.5, 24, 1200.0, 27.5, 29], [23.83221588003653, 23.928071976006347, 2.5, 24, 25, 27.5, 29], [23.83221588003653, 1.5, 2.5, 24, 25, 27.5, 29], [23.975999999999885, 1.5, 2.5, 24, 25, 27.5, 29], [23.975999999999885, 1.5, 2.5, 24, 25, 27.5, 29], [23.975999999999885, 1.5, 2.5, 24, 25, 27.5, 29], [23.975999999999885, 1.5, 2.5, 24, 25, 27.5, 29]], 'dispatch_history': [[30.0, 15.0, 30.0, 0.0, 0.0, 0.0, 0.0], [30.0, 15.0, 30.0, 0.0, 0.0, 0.0, 0.0], [15.0, 30.0, 30.0, 0.0, 0.0, 0.0, 0.0], [15.0, 30.0, 30.0, 0.0, 0.0, 0.0, 0.0], [15.0, 30.0, 30.0, 0.0, 0.0, 0.0, 0.0], [15.0, 30.0, 30.0, 0.0, 0.0, 0.0, 0.0], [15.0, 30.0, 30.0, 0.0, 0.0, 0.0, 0.0]], 'iterations': 6, 'PoA': 15.983999999999924, 'final_dispatch': [15.0, 30.0, 30.0, 0.0, 0.0, 0.0, 0.0], 'final_bid': [23.975999999999885, 1.5, 2.5, 24, 25, 27.5, 29], 'clearing_price': 23.975999999999885, 'clearing_price_history': [23.975999999999885, 23.928071976006347, 23.83221588003653, 23.975999999999885, 23.975999999999885, 23.975999999999885, 23.975999999999885], 'dispatch_ED': [30.0, 30.0, 15.0, 0.0, 0.0, 0.0, 0.0], 'clearing_price_ED': 2.5, 'weight_history': [[None, None, None, None, None, None, None], [None, None, None, None, None, None, None], [None, None, None, None, None, None, None], [None, None, None, None, None, None, None], [None, None, None, None, None, None, None], [None, None, None, None, None, None, None], [None, None, None, None, None, None, None]], 'converged': True, 'not_converged': False, 'owner_indexes': (2, 3)}"
12,"{'init_cost_vector': [1, 1.5, 2.5, 24, 25, 27.5, 29], 'profit_history': [[344.6399999999983, 674.2799999999966, 644.2799999999966, 0.0, 0.0, 0.0, 0.0], [344.6399999999983, 674.2799999999966, 644.2799999999966, 0.0, 0.0, 0.0, 0.0], [344.6399999999983, 674.2799999999966, 644.2799999999966, 0.0, 0.0, 0.0, 0.0], [344.6399999999983, 674.2799999999966, 644.2799999999966, 0.0, 0.0, 0.0, 0.0], [344.6399999999983, 674.2799999999966, 644.2799999999966, 0.0, 0.0, 0.0, 0.0], [344.6399999999983, 674.2799999999966, 644.2799999999966, 0.0, 0.0, 0.0, 0.0], [344.6399999999983, 674.2799999999966, 644.2799999999966, 0.0, 0.0, 0.0, 0.0]], 'alpha_history': [[23.975999999999885, 1.5, 2.5, 24, 25, 27.5, 29], [23.975999999999885, 1.5, 2.5, 24, 25, 27.5, 29], [23.975999999999885, 1.5, 2.5, 24, 25, 27.5, 29], [23.975999999999885, 1.5, 2.5, 24, 25, 27.5, 29], [23.975999999999885, 1.5, 2.5, 24, 25, 27.5, 29], [23.975999999999885, 1.5, 2.5, 24, 25, 27.5, 29], [23.975999999999885, 1.5, 2.5, 24, 25, 27.5, 29]], 'dispatch_history': [[15.0, 30.0, 30.0, 0.0, 0.0, 0.0, 0.0], [15.0, 30.0, 30.0, 0.0, 0.0, 0.0, 0.0], [15.0, 30.0, 30.0, 0.0, 0.0, 0.0, 0.0], [15.0, 30.0, 30.0, 0.0, 0.0, 0.0, 0.0], [15.0, 30.0, 30.0, 0.0, 0.0, 0.0, 0.0], [15.0, 30.0, 30.0, 0.0, 0.0, 0.0, 0.0], [15.0, 30.0, 30.0, 0.0, 0.0, 0.0, 0.0]], 'iterations': 6, 'PoA': 15.983999999999924, 'final_dispatch': [15.0, 30.0, 30.0, 0.0, 0.0, 0.0, 0.0], 'final_bid': [23.975999999999885, 1.5, 2.5, 24, 25, 27.5, 29], 'clearing_price': 23.975999999999885, 'clearing_price_history': [23.975999999999885, 23.975999999999885, 23.975999999999885, 23.975999999999885, 23.975999999999885, 23.975999999999885, 23.975999999999885], 'dispatch_ED': [30.0, 30.0, 15.0, 0.0, 0.0, 0.0, 0.0], 'clearing_price_ED': 2.5, 'weight_history': [[None, None, None, None, None, None, None], [None, None, None, None, None, None, None], [None, None, None, None, None, None, None], [None, None, None, None, None, None, None], [None, None, None, None, None, None, None], [None, None, None, None, None, None, None], [None, None, None, None, None, None, None]], 'converged': True, 'not_converged': False, 'owner_indexes': (2, 4)}"
13,"{'init_cost_vector': [1, 1.5, 2.5, 24, 25, 27.5, 29], 'profit_history': [[689.2800000000123, 674.2800000000123, 322.1400000000061, 0.0, 0.0, 0.0, 0.0], [689.2800000000123, 674.2800000000123, 322.1400000000061, 0.0, 0.0, 0.0, 0.0], [689.2800000000123, 674.2800000000123, 322.1400000000061, 0.0, 0.0, 0.0, 0.0], [689.2800000000123, 674.2800000000123, 322.1400000000061, 0.0, 0.0, 0.0, 0.0], [689.2800000000123, 674.2800000000123, 322.1400000000061, 0.0, 0.0, 0.0, 0.0], [689.2800000000123, 674.2800000000123, 322.1400000000061, 0.0, 0.0, 0.0, 0.0], [689.2800000000123, 674.2800000000123, 322.1400000000061, 0.0, 0.0, 0.0, 0.0]], 'alpha_history': [[1, 1.5, 23.976000000000408, 24, 25, 27.5, 29], [1, 1.5, 23.976000000000408, 24, 25, 27.5, 29], [1, 1.5, 23.976000000000408, 24, 25, 27.5, 29], [1, 1.5, 23.976000000000408, 24, 25, 27.5, 29], [1, 1.5, 23.976000000000408, 24, 25, 27.5, 29], [1, 1.5, 23.976000000000408, 24, 25, 27.5, 29], [1, 1.5, 23.976000000000408, 24, 25, 27.5, 29]], 'dispatch_history': [[30.0, 30.0, 15.0, 0.0, 0.0, 0.0, 0.0], [30.0, 30.0, 15.0, 0.0, 0.0, 0.0, 0.0], [30.0, 30.0, 15.0, 0.0, 0.0, 0.0, 0.0], [30.0, 30.0, 15.0, 0.0, 0.0, 0.0, 0.0], [30.0, 30.0, 15.0, 0.0, 0.0, 0.0, 0.0], [30.0, 30.0, 15.0, 0.0, 0.0, 0.0, 0.0], [30.0, 30.0, 15.0, 0.0, 0.0, 0.0, 0.0]], 'iterations': 6, 'PoA': 15.984000000000272, 'final_dispatch': [30.0, 30.0, 15.0, 0.0, 0.0, 0.0, 0.0], 'final_bid': [1, 1.5, 23.976000000000408, 24, 25, 27.5, 29], 'clearing_price': 23.976000000000408, 'clearing_price_history': [23.976000000000408, 23.976000000000408, 23.976000000000408, 23.976000000000408, 23.976000000000408, 23.976000000000408, 23.976000000000408], 'dispatch_ED': [30.0, 30.0, 15.0, 0.0, 0.0, 0.0, 0.0], 'clearing_price_ED': 2.5, 'weight_history': [[None, None, None, None, None, None, None], [None, None, None, None, None, None, None], [None, None, None, None, None, None, None], [None, None, None, None, None, None, None], [None, None, None, None, None, None, None], [None, None, None, None, None, None, None], [None, None, None, None, None, None, None]], 'converged': True, 'not_converged': False, 'owner_indexes': (2, 5)}"
14,"{'init_cost_vector': [1, 1.5, 2.5, 24, 25, 27.5, 29], 'profit_history': [[689.2799999999966, 337.1399999999983, 644.2799999999966, 0.0, 0.0, 0.0, 0.0], [689.28, 337.14, 644.28, 0.0, 0.0, 0.0, 0.0], [689.28, 337.14, 644.28, 0.0, 0.0, 0.0, 0.0], [689.2799999999966, 337.1399999999983, 644.2799999999966, 0.0, 0.0, 0.0, 0.0], [344.6399999999983, 674.2799999999966, 644.2799999999966, 0.0, 0.0, 0.0, 0.0], [344.6399999999983, 674.2799999999966, 644.2799999999966, 0.0, 0.0, 0.0, 0.0], [344.6399999999983, 674.2799999999966, 644.2799999999966, 0.0, 0.0, 0.0, 0.0]], 'alpha_history': [[23.952024000000165, 23.975999999999885, 2.5, 24, 1200.0, 27.5, 29], [2.502500000000257, 23.976, 2.505002499997527, 24, 1200.0, 27.5, 29], [2.507507502497649, 23.976, 2.510015009998124, 24, 25, 27.5, 29], [23.952024000000165, 23.975999999999885, 2.5, 24, 25, 27.5, 29], [23.975999999999885, 1.5, 2.5, 24, 25, 27.5, 29], [23.975999999999885, 1.5, 2.5, 24, 25, 27.5, 29], [23.975999999999885, 1.5, 2.5, 24, 25, 27.5, 29]], 'dispatch_history': [[30.0, 15.0, 30.0, 0.0, 0.0, 0.0, 0.0], [30.0, 15.0, 30.0, 0.0, 0.0, 0.0, 0.0], [30.0, 15.0, 30.0, 0.0, 0.0, 0.0, 0.0], [30.0, 15.0, 30.0, 0.0, 0.0, 0.0, 0.0], [15.0, 30.0, 30.0, 0.0, 0.0, 0.0, 0.0], [15.0, 30.0, 30.0, 0.0, 0.0, 0.0, 0.0], [15.0, 30.0, 30.0, 0.0, 0.0, 0.0, 0.0]], 'iterations': 6, 'PoA': 15.983999999999924, 'final_dispatch': [15.0, 30.0, 30.0, 0.0, 0.0, 0.0, 0.0], 'final_bid': [23.975999999999885, 1.5, 2.5, 24, 25, 27.5, 29], 'clearing_price': 23.975999999999885, 'clearing_price_history': [23.975999999999885, 23.976, 23.976, 23.975999999999885, 23.975999999999885, 23.975999999999885, 23.975999999999885], 'dispatch_ED': [30.0, 30.0, 15.0, 0.0, 0.0, 0.0, 0.0], 'clearing_price_ED': 2.5, 'weight_history': [[None, None, None, None, None, None, None], [None, None, None, None, None, None, None], [None, None, None, None, None, None, None], [None, None, None, None, None, None, None], [None, None, None, None, None, None, None], [None, None, None, None, None, None, None], [None, None, None, None, None, None, None]], 'converged': True, 'not_converged': False, 'owner_indexes': (2, 6)}"
15,"{'init_cost_vector': [1, 1.5, 2.5, 24, 25, 27.5, 29], 'profit_history': [[689.2799999999966, 337.1399999999983, 644.2799999999966, 0.0, 0.0, 0.0, 0.0], [344.6399999999983, 674.2799999999966, 644.2799999999966, 0.0, 0.0, 0.0, 0.0], [344.6399999999983, 674.2799999999966, 644.2799999999966, 0.0, 0.0, 0.0, 0.0], [344.6399999999983, 674.2799999999966, 644.2799999999966, 0.0, 0.0, 0.0, 0.0], [344.6399999999983, 674.2799999999966, 644.2799999999966, 0.0, 0.0, 0.0, 0.0], [344.6399999999983, 674.2799999999966, 644.2799999999966, 0.0, 0.0, 0.0, 0.0], [344.6399999999983, 674.2799999999966, 644.2799999999966, 0.0, 0.0, 0.0, 0.0]], 'alpha_history': [[23.952024000000165, 23.975999999999885, 2.5, 24, 25, 27.5, 29], [23.975999999999885, 1.5, 2.5, 24, 25, 27.5, 29], [23.975999999999885, 1.5, 2.5, 24, 25, 27.5, 29], [23.975999999999885, 1.5, 2.5, 24, 25, 27.5, 29], [23.975999999999885, 1.5, 2.5, 24, 25, 27.5, 29], [23.975999999999885, 1.5, 2.5, 24, 25, 27.5, 29], [23.975999999999885, 1.5, 2.5, 24, 25, 27.5, 29]], 'dispatch_history': [[30.0, 15.0, 30.0, 0.0, 0.0, 0.0, 0.0], [15.0, 30.0, 30.0, 0.0, 0.0, 0.0, 0.0], [15.0, 30.0, 30.0, 0.0, 0.0, 0.0, 0.0], [15.0, 30.0, 30.0, 0.0, 0.0, 0.0, 0.0], [15.0, 30.0, 30.0, 0.0, 0.0, 0.0, 0.0], [15.0, 30.0, 30.0, 0.0, 0.0, 0.0, 0.0], [15.0, 30.0, 30.0, 0.0, 0.0, 0.0, 0.0]], 'iterations': 6, 'PoA': 15.983999999999924, 'final_dispatch': [15.0, 30.0, 30.0, 0.0, 0.0, 0.0, 0.0], 'final_bid': [23.975999999999885, 1.5, 2.5, 24, 25, 27.5, 29], 'clearing_price': 23.975999999999885, 'clearing_price_history': [23.975999999999885, 23.975999999999885, 23.975999999999885, 23.975999999999885, 23.975999999999885, 23.975999999999885, 23.975999999999885], 'dispatch_ED': [30.0, 30.0, 15.0, 0.0, 0.0, 0.0, 0.0], 'clearing_price_ED': 2.5, 'weight_history': [[None, None, None, None, None, None, None], [None, None, None, None, None, None, None], [None, None, None, None, None, None, None], [None, None, None, None, None, None, None], [None, None, None, None, None, None, None], [None, None, None, None, None, None, None], [None, None, None, None, None, None, None]], 'converged': True, 'not_converged': False, 'owner_indexes': (3, 4)}"
16,"{'init_cost_vector': [1, 1.5, 2.5, 24, 25, 27.5, 29], 'profit_history': [[344.6399999999983, 674.2799999999966, 644.2799999999966, 0.0, 0.0, 0.0, 0.0], [344.6399999999983, 674.2799999999966, 644.2799999999966, 0.0, 0.0, 0.0, 0.0], [344.6399999999983, 674.2799999999966, 644.2799999999966, 0.0, 0.0, 0.0, 0.0], [344.6399999999983, 674.2799999999966, 644.2799999999966, 0.0, 0.0, 0.0, 0.0], [344.6399999999983, 674.2799999999966, 644.2799999999966, 0.0, 0.0, 0.0, 0.0], [344.6399999999983, 674.2799999999966, 644.2799999999966, 0.0, 0.0, 0.0, 0.0], [344.6399999999983, 674.2799999999966, 644.2799999999966, 0.0, 0.0, 0.0, 0.0]], 'alpha_history': [[23.975999999999885, 1.5, 2.5, 24, 25, 27.5, 29], [23.975999999999885, 1.5, 2.5, 24, 25, 27.5, 29], [23.975999999999885, 1.5, 2.5, 24, 25, 27.5, 29], [23.975999999999885, 1.5, 2.5, 24, 25, 27.5, 29], [23.975999999999885, 1.5, 2.5, 24, 25, 27.5, 29], [23.975999999999885, 1.5, 2.5, 24, 25, 27.5, 29], [23.975999999999885, 1.5, 2.5, 24, 25, 27.5, 29]], 'dispatch_history': [[15.0, 30.0, 30.0, 0.0, 0.0, 0.0, 0.0], [15.0, 30.0, 30.0, 0.0, 0.0, 0.0, 0.0], [15.0, 30.0, 30.0, 0.0, 0.0, 0.0, 0.0], [15.0, 30.0, 30.0, 0.0, 0.0, 0.0, 0.0], [15.0, 30.0, 30.0, 0.0, 0.0, 0.0, 0.0], [15.0, 30.0, 30.0, 0.0, 0.0, 0.0, 0.0], [15.0, 30.0, 30.0, 0.0, 0.0, 0.0, 0.0]], 'iterations': 6, 'PoA': 15.983999999999924, 'final_dispatch': [15.0, 30.0, 30.0, 0.0, 0.0, 0.0, 0.0], 'final_bid': [23.975999999999885, 1.5, 2.5, 24, 25, 27.5, 29], 'clearing_price': 23.975999999999885, 'clearing_price_history': [23.975999999999885, 23.975999999999885, 23.975999999999885, 23.975999999999885, 23.975999999999885, 23.975999999999885, 23.975999999999885], 'dispatch_ED': [30.0, 30.0, 15.0, 0.0, 0.0, 0.0, 0.0], 'clearing_price_ED': 2.5, 'weight_history': [[None, None, None, None, None, None, None], [None, None, None, None, None, None, None], [None, None, None, None, None, None, None], [None, None, None, None, None, None, None], [None, None, None, None, None, None, None], [None, None, None, None, None, None, None], [None, None, None, None, None, None, None]], 'converged': True, 'not_converged': False, 'owner_indexes': (3, 5)}"
17,"{'init_cost_vector': [1, 1.5, 2.5, 24, 25, 27.5, 29], 'profit_history': [[344.6399999999983, 674.2799999999966, 644.2799999999966, 0.0, 0.0, 0.0, 0.0], [344.6399999999983, 674.2799999999966, 644.2799999999966, 0.0, 0.0, 0.0, 0.0], [344.6399999999983, 674.2799999999966, 644.2799999999966, 0.0, 0.0, 0.0, 0.0], [344.6399999999983, 674.2799999999966, 644.2799999999966, 0.0, 0.0, 0.0, 0.0], [344.6399999999983, 674.2799999999966, 644.2799999999966, 0.0, 0.0, 0.0, 0.0], [344.6399999999983, 674.2799999999966, 644.2799999999966, 0.0, 0.0, 0.0, 0.0], [344.6399999999983, 674.2799999999966, 644.2799999999966, 0.0, 0.0, 0.0, 0.0]], 'alpha_history': [[23.975999999999885, 1.5, 2.5, 24, 25, 27.5, 29], [23.975999999999885, 1.5, 2.5, 24, 25, 27.5, 29], [23.975999999999885, 1.5, 2.5, 24, 25, 27.5, 29], [23.975999999999885, 1.5, 2.5, 24, 25, 27.5, 29], [23.975999999999885, 1.5, 2.5, 24, 25, 27.5, 29], [23.975999999999885, 1.5, 2.5, 24, 25, 27.5, 29], [23.975999999999885, 1.5, 2.5, 24, 25, 27.5, 29]], 'dispatch_history': [[15.0, 30.0, 30.0, 0.0, 0.0, 0.0, 0.0], [15.0, 30.0, 30.0, 0.0, 0.0, 0.0, 0.0], [15.0, 30.0, 30.0, 0.0, 0.0, 0.0, 0.0], [15.0, 30.0, 30.0, 0.0, 0.0, 0.0, 0.0], [15.0, 30.0, 30.0, 0.0, 0.0, 0.0, 0.0], [15.0, 30.0, 30.0, 0.0, 0.0, 0.0, 0.0], [15.0, 30.0, 30.0, 0.0, 0.0, 0.0, 0.0]], 'iterations': 6, 'PoA': 15.983999999999924, 'final_dispatch': [15.0, 30.0, 30.0, 0.0, 0.0, 0.0, 0.0], 'final_bid': [23.975999999999885, 1.5, 2.5, 24, 25, 27.5, 29], 'clearing_price': 23.975999999999885, 'clearing_price_history': [23.975999999999885, 23.975999999999885, 23.975999999999885, 23.975999999999885, 23.975999999999885, 23.975999999999885, 23.975999999999885], 'dispatch_ED': [30.0, 30.0, 15.0, 0.0, 0.0, 0.0, 0.0], 'clearing_price_ED': 2.5, 'weight_history': [[None, None, None, None, None, None, None], [None, None, None, None, None, None, None], [None, None, None, None, None, None, None], [None, None, None, None, None, None, None], [None, None, None, None, None, None, None], [None, None, None, None, None, None, None], [None, None, None, None, None, None, None]], 'converged': True, 'not_converged': False, 'owner_indexes': (3, 6)}"
18,"{'init_cost_vector': [1, 1.5, 2.5, 24, 25, 27.5, 29], 'profit_history': [[689.2799999999966, 337.1399999999983, 644.2799999999966, 0.0, 0.0, 0.0, 0.0], [687.8421592801906, 672.8421592801906, 321.4210796400953, 0.0, 0.0, 0.0, 0.0], [343.5621585605257, 672.1243171210514, 642.1243171210514, 0.0, 0.0, 0.0, 0.0], [342.8453928056714, 670.6907856113428, 640.6907856113428, 0.0, 0.0, 0.0, 0.0], [684.9750948257058, 669.9750948257058, 319.9875474128529, 0.0, 0.0, 0.0, 0.0], [683.5458596113052, 668.5458596113052, 319.2729298056526, 0.0, 0.0, 0.0, 0.0], [682.1194814380054, 667.1194814380054, 318.5597407190027, 0.0, 0.0, 0.0, 0.0], [340.7036809784156, 666.4073619568312, 636.4073619568312, 0.0, 0.0, 0.0, 0.0], [718.5007499999961, 0.0, 673.5007499999961, 14.25037499999803, 0.0, 0.0, 0.0], [717.0044970007461, 0.0, 672.0044970007461, 13.50224850037307, 0.0, 0.0, 0.0], [715.5112350112427, 0.0, 670.5112350112427, 12.75561750562133, 0.0, 0.0, 0.0], [714.0209580524561, 0.0, 669.0209580524561, 12.01047902622804, 0.0, 0.0, 0.0], [713.2769370944061, 349.13846854720305, 668.2769370944061, 0.0, 0.0, 0.0, 0.0], [712.5336601573144, 0.0, 667.5336601573144, 11.266830078657222, 0.0, 0.0, 0.0], [711.0493353706624, 0.0, 666.0493353706624, 10.524667685331224, 0.0, 0.0, 0.0], [710.3082860352924, 347.6541430176462, 665.3082860352924, 0.0, 0.0, 0.0, 0.0], [0.0, 346.91420488576057, 663.8284097715211, 18.828409771521137, 0.0, 0.0, 0.0], [344.6399999999983, 674.2799999999966, 644.2799999999966, 0.0, 0.0, 0.0, 0.0], [344.6399999999983, 674.2799999999966, 644.2799999999966, 0.0, 0.0, 0.0, 0.0]], 'alpha_history': [[23.952024000000165, 23.975999999999885, 2.5, 24, 25, 27.5, 29], [23.904143904035045, 1.5, 23.928071976006354, 24, 25, 27.5, 29], [23.904143904035045, 1.5, 23.880239760132877, 24, 25, 27.5, 29], [23.856359520378092, 1.5, 23.83250316085686, 24, 25, 27.5, 29], [23.8086706576991, 1.5, 23.83250316085686, 24, 25, 27.5, 29], [23.761077125059042, 1.5, 23.784861987043506, 24, 25, 27.5, 29], [23.713578731890745, 1.5, 23.737316047933515, 24, 25, 27.5, 29], [23.713578731894373, 23.68986515315876, 2.5, 1200.0, 25, 27.5, 1198.8], [1, 24.97499999999991, 2.5, 24.95002499999987, 25, 27.5, 29], [1, 24.925074974999916, 2.5, 24.90014990002487, 25, 27.5, 29], [1, 24.875249750124794, 2.5, 24.850374500374755, 25, 27.5, 29], [1, 24.82552412587438, 2.5, 24.800698601748536, 25, 27.5, 29], [1, 24.77589790314687, 2.5, 24.800698601748536, 25, 27.5, 29], [1, 24.77589790314687, 2.5, 24.751122005243815, 25, 27.5, 29], [1, 24.726370883238587, 2.5, 24.701644512355415, 25, 27.5, 29], [24.652265924974927, 24.67694286784308, 2.5, 24.701644512355415, 25, 27.5, 29], [24.652265924974927, 24.627613659050706, 2.5, 24, 25, 27.5, 29], [23.975999999999885, 1.5, 2.5, 24, 25, 27.5, 29], [23.975999999999885, 1.5, 2.5, 24, 25, 27.5, 29]], 'dispatch_history': [[30.0, 15.0, 30.0, 0.0, 0.0, 0.0, 0.0], [30.0, 30.0, 15.0, 0.0, 0.0, 0.0, 0.0], [15.0, 30.0, 30.0, 0.0, 0.0, 0.0, 0.0], [15.0, 30.0, 30.0, 0.0, 0.0, 0.0, 0.0], [30.0, 30.0, 15.0, 0.0, 0.0, 0.0, 0.0], [30.0, 30.0, 15.0, 0.0, 0.0, 0.0, 0.0], [30.0, 30.0, 15.0, 0.0, 0.0, 0.0, 0.0], [15.0, 30.0, 30.0, 0.0, 0.0, 0.0, 0.0], [30.0, 0.0, 30.0, 15.0, 0.0, 0.0, 0.0], [30.0, 0.0, 30.0, 15.0, 0.0, 0.0, 0.0], [30.0, 0.0, 30.0, 15.0, 0.0, 0.0, 0.0], [30.0, 0.0, 30.0, 15.0, 0.0, 0.0, 0.0], [30.0, 15.0, 30.0, 0.0, 0.0, 0.0, 0.0], [30.0, 0.0, 30.0, 15.0, 0.0, 0.0, 0.0], [30.0, 0.0, 30.0, 15.0, 0.0, 0.0, 0.0], [30.0, 15.0, 30.0, 0.0, 0.0, 0.0, 0.0], [0.0, 15.0, 30.0, 30.0, 0.0, 0.0, 0.0], [15.0, 30.0, 30.0, 0.0, 0.0, 0.0, 0.0], [15.0, 30.0, 30.0, 0.0, 0.0, 0.0, 0.0]], 'iterations': 18, 'PoA': 15.983999999999924, 'final_dispatch': [15.0, 30.0, 30.0, 0.0, 0.0, 0.0, 0.0], 'final_bid': [23.975999999999885, 1.5, 2.5, 24, 25, 27.5, 29], 'clearing_price': 23.975999999999885, 'clearing_price_history': [23.975999999999885, 23.928071976006354, 23.904143904035045, 23.856359520378092, 23.83250316085686, 23.784861987043506, 23.737316047933515, 23.713578731894373, 24.95002499999987, 24.90014990002487, 24.850374500374755, 24.800698601748536, 24.77589790314687, 24.751122005243815, 24.701644512355415, 24.67694286784308, 24.627613659050706, 23.975999999999885, 23.975999999999885], 'dispatch_ED': [30.0, 30.0, 15.0, 0.0, 0.0, 0.0, 0.0], 'clearing_price_ED': 2.5, 'weight_history': [[None, None, None, None, None, None, None], [None, None, None, None, None, None, None], [None, None, None, None, None, None, None], [None, None, None, None, None, None, None], [None, None, None, None, None, None, None], [None, None, None, None, None, None, None], [None, None, None, None, None, None, None], [None, None, None, None, None, None, None], [None, None, None, None, None, None, None], [None, None, None, None, None, None, None], [None, None, None, None, None, None, None], [None, None, None, None, None, None, None], [None, None, None, None, None, None, None], [None, None, None, None, None, None, None], [None, None, None, None, None, None, None], [None, None, None, None, None, None, None], [None, None, None, None, None, None, None], [None, None, None, None, None, None, None], [None, None, None, None, None, None, None]], 'converged': True, 'not_converged': False, 'owner_indexes': (4, 5)}"
19,"{'init_cost_vector': [1, 1.5, 2.5, 24, 25, 27.5, 29], 'profit_history': [[344.6399999999983, 674.2799999999966, 644.2799999999966, 0.0, 0.0, 0.0, 0.0], [344.6399999999983, 674.2799999999966, 644.2799999999966, 0.0, 0.0, 0.0, 0.0], [344.6399999999983, 674.2799999999966, 644.2799999999966, 0.0, 0.0, 0.0, 0.0], [344.6399999999983, 674.2799999999966, 644.2799999999966, 0.0, 0.0, 0.0, 0.0], [344.6399999999983, 674.2799999999966, 644.2799999999966, 0.0, 0.0, 0.0, 0.0], [344.6399999999983, 674.2799999999966, 644.2799999999966, 0.0, 0.0, 0.0, 0.0], [344.6399999999983, 674.2799999999966, 644.2799999999966, 0.0, 0.0, 0.0, 0.0]], 'alpha_history': [[23.975999999999885, 1.5, 2.5, 24, 25, 27.5, 29], [23.975999999999885, 1.5, 2.5, 24, 25, 27.5, 29], [23.975999999999885, 1.5, 2.5, 24, 25, 27.5, 29], [23.975999999999885, 1.5, 2.5, 24, 25, 27.5, 29], [23.975999999999885, 1.5, 2.5, 24, 25, 27.5, 29], [23.975999999999885, 1.5, 2.5, 24, 25, 27.5, 29], [23.975999999999885, 1.5, 2.5, 24, 25, 27.5, 29]], 'dispatch_history': [[15.0, 30.0, 30.0, 0.0, 0.0, 0.0, 0.0], [15.0, 30.0, 30.0, 0.0, 0.0, 0.0, 0.0], [15.0, 30.0, 30.0, 0.0, 0.0, 0.0, 0.0], [15.0, 30.0, 30.0, 0.0, 0.0, 0.0, 0.0], [15.0, 30.0, 30.0, 0.0, 0.0, 0.0, 0.0], [15.0, 30.0, 30.0, 0.0, 0.0, 0.0, 0.0], [15.0, 30.0, 30.0, 0.0, 0.0, 0.0, 0.0]], 'iterations': 6, 'PoA': 15.983999999999924, 'final_dispatch': [15.0, 30.0, 30.0, 0.0, 0.0, 0.0, 0.0], 'final_bid': [23.975999999999885, 1.5, 2.5, 24, 25, 27.5, 29], 'clearing_price': 23.975999999999885, 'clearing_price_history': [23.975999999999885, 23.975999999999885, 23.975999999999885, 23.975999999999885, 23.975999999999885, 23.975999999999885, 23.975999999999885], 'dispatch_ED': [30.0, 30.0, 15.0, 0.0, 0.0, 0.0, 0.0], 'clearing_price_ED': 2.5, 'weight_history': [[None, None, None, None, None, None, None], [None, None, None, None, None, None, None], [None, None, None, None, None, None, None], [None, None, None, None, None, None, None], [None, None, None, None, None, None, None], [None, None, None, None, None, None, None], [None, None, None, None, None, None, None]], 'converged': True, 'not_converged': False, 'owner_indexes': (4, 6)}"
20,"{'init_cost_vector': [1, 1.5, 2.5, 24, 25, 27.5, 29], 'profit_history': [[689.2799999999966, 674.2799999999966, 322.1399999999983, 0.0, 0.0, 0.0, 0.0], [689.2799999999966, 674.2799999999966, 322.1399999999983, 0.0, 0.0, 0.0, 0.0], [689.2799999999966, 674.2799999999966, 322.1399999999983, 0.0, 0.0, 0.0, 0.0], [689.2799999999966, 674.2799999999966, 322.1399999999983, 0.0, 0.0, 0.0, 0.0], [689.2799999999966, 674.2799999999966, 322.1399999999983, 0.0, 0.0, 0.0, 0.0], [689.2799999999966, 674.2799999999966, 322.1399999999983, 0.0, 0.0, 0.0, 0.0], [689.2799999999966, 674.2799999999966, 322.1399999999983, 0.0, 0.0, 0.0, 0.0]], 'alpha_history': [[1, 1.5, 23.975999999999885, 24, 25, 27.5, 29], [1, 1.5, 23.975999999999885, 24, 25, 27.5, 29], [1, 1.5, 23.975999999999885, 24, 25, 27.5, 29], [1, 1.5, 23.975999999999885, 24, 25, 27.5, 29], [1, 1.5, 23.975999999999885, 24, 25, 27.5, 29], [1, 1.5, 23.975999999999885, 24, 25, 27.5, 29], [1, 1.5, 23.975999999999885, 24, 25, 27.5, 29]], 'dispatch_history': [[30.0, 30.0, 15.0, 0.0, 0.0, 0.0, 0.0], [30.0, 30.0, 15.0, 0.0, 0.0, 0.0, 0.0], [30.0, 30.0, 15.0, 0.0, 0.0, 0.0, 0.0], [30.0, 30.0, 15.0, 0.0, 0.0, 0.0, 0.0], [30.0, 30.0, 15.0, 0.0, 0.0, 0.0, 0.0], [30.0, 30.0, 15.0, 0.0, 0.0, 0.0, 0.0], [30.0, 30.0, 15.0, 0.0, 0.0, 0.0, 0.0]], 'iterations': 6, 'PoA': 15.983999999999924, 'final_dispatch': [30.0, 30.0, 15.0, 0.0, 0.0, 0.0, 0.0], 'final_bid': [1, 1.5, 23.975999999999885, 24, 25, 27.5, 29], 'clearing_price': 23.975999999999885, 'clearing_price_history': [23.975999999999885, 23.975999999999885, 23.975999999999885, 23.975999999999885, 23.975999999999885, 23.975999999999885, 23.975999999999885], 'dispatch_ED': [30.0, 30.0, 15.0, 0.0, 0.0, 0.0, 0.0], 'clearing_price_ED': 2.5, 'weight_history': [[None, None, None, None, None, None, None], [None, None, None, None, None, None, None], [None, None, None, None, None, None, None], [None, None, None, None, None, None, None], [None, None, None, None, None, None, None], [None, None, None, None, None, None, None], [None, None, None, None, None, None, None]], 'converged': True, 'not_converged': False, 'owner_indexes': (5, 6)}"
